name                                                       , wins, total, proportion         , score errors, winner errors, event errors, country errors
general                                                    , 8306, 10572,                    ,           74,             3,            9,              1
Overcharge                                                 ,   30,    31, 0.967741935483871  ,            0,             0,            0
The Cheesy Poofs                                           ,   43,    52, 0.8269230769230769 ,            0,             0,            0
HighTide                                                   ,   47,    51, 0.9215686274509803 ,            0,             0,            0
Team RUSH                                                  ,   50,    55, 0.9090909090909091 ,            0,             0,            0
Simbotics                                                  ,   51,    53, 0.9622641509433962 ,            0,             0,            0
OP Robotics                                                ,   46,    53, 0.8679245283018868 ,            0,             0,            0
MadTown Robotics                                           ,   49,    52, 0.9423076923076923 ,            0,             0,            0
Bear Metal                                                 ,   60,    72, 0.8333333333333334 ,            1,             0,            0
Roboteers                                                  ,   18,    20, 0.9                ,            0,             0,            0
The CREW                                                   ,   51,    55, 0.9272727272727272 ,            0,             0,            0
NUTRONs                                                    ,   46,    53, 0.8679245283018868 ,            0,             0,            0
ITKAN Robotics                                             ,   59,    67, 0.8805970149253731 ,            0,             0,            0
The Outliers                                               ,   15,    17, 0.8823529411764706 ,            1,             0,            0
Citrus Circuits                                            ,   47,    53, 0.8867924528301887 ,            0,             0,            0
Windham Windup                                             ,   16,    17, 0.9411764705882353 ,            0,             0,            0
Mercenary Robotics                                         ,   79,    87, 0.9080459770114943 ,            2,             1,            0
The Alpha Dogs                                             ,   52,    56, 0.9285714285714286 ,            1,             0,            0
The Bucks' Wrath                                           ,   13,    17, 0.7647058823529411 ,            1,             0,            0
Ctrl-Alt-Defeat                                            ,   47,    53, 0.8867924528301887 ,            0,             0,            0
RoboTigers                                                 ,   41,    43, 0.9534883720930233 ,            0,             0,            0
StuyPulse                                                  ,   36,    44, 0.8181818181818182 ,            0,             0,            0
Team BEAN                                                  ,   46,    51, 0.9019607843137255 ,            0,             0,            0
The Cobra Commanders                                       ,    0,     0, 0                  ,            0,             0,            0
LYNK                                                       ,   49,    53, 0.9245283018867925 ,            1,             0,            0
AG Robotik                                                 ,   24,    30, 0.8                ,            0,             0,            0
Broncobots                                                 ,   29,    31, 0.9354838709677419 ,            0,             0,            0
ALT-F4                                                     ,   46,    56, 0.8214285714285714 ,            0,             0,            0
Hawaiian Kids                                              ,   15,    17, 0.8823529411764706 ,            0,             0,            0
LUNATECS                                                   ,   15,    17, 0.8823529411764706 ,            0,             0,            0
Code Orange                                                ,   48,    50, 0.96               ,            0,             0,            0
Strike Zone                                                ,   46,    56, 0.8214285714285714 ,            0,             0,            0
Mechanical Advantage                                       ,   30,    35, 0.8571428571428571 ,            1,             0,            0
Rebels                                                     ,   36,    49, 0.7346938775510204 ,            0,             0,            0
Kingsmen Robotics                                          ,   24,    26, 0.9230769230769231 ,            0,             0,            0
W.A.F.F.L.E.S.                                             ,   47,    53, 0.8867924528301887 ,            0,             0,            0
Under Control                                              ,   26,    29, 0.896551724137931  ,            0,             0,            0
Denham Venom                                               ,   12,    13, 0.9230769230769231 ,            0,             0,            0
PAIR OF DICE ROBOTICS                                      ,   12,    15, 0.8                ,            0,             0,            0
S.P.A.M.                                                   ,   29,    30, 0.9666666666666667 ,            0,             0,            0
Inverse Paradox                                            ,   52,    68, 0.7647058823529411 ,            0,             0,            0
ITKAN Girls                                                ,   56,    67, 0.835820895522388  ,            0,             0,            0
Valor                                                      ,   61,    73, 0.8356164383561644 ,            2,             1,            0
BREAD                                                      ,   40,    50, 0.8                ,            0,             0,            0
CyberCavs                                                  ,   43,    53, 0.8113207547169812 ,            0,             0,            0
Team SCREAM                                                ,   16,    16, 1.0                ,            0,             0,            0
Nashoba Robotics                                           ,   44,    57, 0.7719298245614035 ,            0,             0,            0
Ratchet Rockers                                            ,   15,    15, 1.0                ,            0,             0,            0
Jack in the Bot                                            ,   43,    54, 0.7962962962962963 ,            0,             0,            0
Blazing Bulldogs                                           ,   46,    50, 0.92               ,            0,             0,            0
Chaos Theory                                               ,   14,    17, 0.8235294117647058 ,            0,             0,            0
The Highlanders                                            ,   26,    33, 0.7878787878787878 ,            0,             0,            0
North Gwinnett Robotics                                    ,   47,    51, 0.9215686274509803 ,            0,             0,            0
Team Tators                                                ,   17,    17, 1.0                ,            0,             0,            0
ZooBOTix                                                   ,   61,    71, 0.8591549295774648 ,            0,             0,            0
Wayland Wildcats                                           ,   43,    54, 0.7962962962962963 ,            1,             0,            0
The Beak Squad                                             ,    9,    15, 0.6                ,            0,             0,            0
CyberKnights                                               ,    0,     0, 0                  ,            0,             0,            0
HAMMERHEADS                                                ,   29,    36, 0.8055555555555556 ,            0,             0,            0
Stryke Force                                               ,   45,    55, 0.8181818181818182 ,            0,             0,            0
Newaygo County GEARS                                       ,   35,    49, 0.7142857142857143 ,            1,             0,            0
Team Lance-A-Bot                                           ,   60,    68, 0.8823529411764706 ,            0,             0,            0
Ranger Robotics                                            ,   22,    28, 0.7857142857142857 ,            0,             0,            0
Quixilver                                                  ,   42,    49, 0.8571428571428571 ,            0,             0,            0
THEORY6                                                    ,   39,    54, 0.7222222222222222 ,            1,             0,            0
Gear Gremlins                                              ,   39,    48, 0.8125             ,            0,             0,            0
Cyber Unicorn                                              ,   10,    12, 0.8333333333333334 ,            0,             0,            0
Bison Robotics                                             ,   26,    33, 0.7878787878787878 ,            1,             0,            0
PrepaTec - Botbusters                                      ,   15,    16, 0.9375             ,            0,             0,            0
Sultans of Turkiye                                         ,   23,    29, 0.7931034482758621 ,            1,             0,            0
Red Rock Robotics                                          ,   12,    16, 0.75               ,            1,             0,            0
Morpheus                                                   ,    3,     3, 1.0                ,            0,             0,            0
Robonauts                                                  ,   95,   118, 0.8050847457627118 ,            0,             0,            0
The Holy Cows                                              ,   43,    50, 0.86               ,            1,             0,            0
Team MineKee                                               ,   40,    49, 0.8163265306122449 ,            0,             0,            0
Crescent Coyotes                                           ,   34,    51, 0.6666666666666666 ,            0,             0,            0
Ctrl C                                                     ,   25,    35, 0.7142857142857143 ,            0,             0,            0
Apple Pi                                                   ,   15,    17, 0.8823529411764706 ,            0,             0,            0
Crusaders                                                  ,   16,    18, 0.8888888888888888 ,            0,             0,            0
suPURDUEper Robotics                                       ,   57,    69, 0.8260869565217391 ,            0,             0,            0
R.A.I.D. (Raider Artificial Intelligence Division)         ,   37,    47, 0.7872340425531915 ,            0,             0,            0
The Blair Robot Project                                    ,   11,    16, 0.6875             ,            0,             0,            0
The Oxford RoboCats                                        ,   46,    54, 0.8518518518518519 ,            1,             0,            0
Alectrona                                                  ,   43,    57, 0.7543859649122807 ,            0,             0,            0
The Chargers                                               ,   28,    34, 0.8235294117647058 ,            0,             0,            0
The BioMechs                                               ,   37,    47, 0.7872340425531915 ,            0,             0,            0
Peddie Robotics                                            ,   30,    33, 0.9090909090909091 ,            0,             0,            0
Peninsula Robotics                                         ,   42,    53, 0.7924528301886793 ,            0,             0,            0
Raider Robotics                                            ,   41,    50, 0.82               ,            0,             0,            0
PrepaTec - VOLTEC                                          ,   14,    16, 0.875              ,            0,             0,            0
Royal Turtles                                              ,    7,     9, 0.7777777777777778 ,            0,             0,            0
Greybots                                                   ,   44,    52, 0.8461538461538461 ,            1,             0,            0
The Robodox                                                ,   38,    47, 0.8085106382978723 ,            0,             0,            0
Paraducks                                                  ,    0,     0, 0                  ,            0,             0,            1
The Junkyard Dogs                                          ,   37,    50, 0.74               ,            0,             0,            0
Flaming Chickens                                           ,   41,    52, 0.7884615384615384 ,            0,             0,            0
Cerbotics - Peñoles                                        ,   13,    17, 0.7647058823529411 ,            0,             0,            0
B.E.R.T.                                                   ,    0,     0, 0                  ,            0,             0,            0
Wired Boars                                                ,   15,    18, 0.8333333333333334 ,            0,             0,            0
LigerBots                                                  ,   38,    51, 0.7450980392156863 ,            0,             0,            0
Hackbots                                                   ,   45,    53, 0.8490566037735849 ,            0,             0,            0
Future Martians                                            ,   42,    49, 0.8571428571428571 ,            0,             0,            0
Symmetrical Chaos                                          ,   42,    51, 0.8235294117647058 ,            0,             0,            0
Byting Bulldogs                                            ,   35,    48, 0.7291666666666666 ,            1,             0,            0
Iron Panthers                                              ,   40,    50, 0.8                ,            0,             0,            0
WarriorBorgs                                               ,   43,    52, 0.8269230769230769 ,            0,             0,            0
CircuitRunners Robotics                                    ,   43,    55, 0.7818181818181819 ,            0,             0,            0
Miss Daisy                                                 ,   44,    51, 0.8627450980392157 ,            0,             0,            0
Krypton Cougars                                            ,   39,    52, 0.75               ,            0,             0,            0
RoboWhales                                                 ,   47,    53, 0.8867924528301887 ,            1,             0,            0
Aces High                                                  ,   14,    17, 0.8235294117647058 ,            0,             0,            0
Team Rembrandts                                            ,    0,     0, 0                  ,            0,             0,            1
Hilltopper Robotics                                        ,   49,    54, 0.9074074074074074 ,            2,             0,            0
The Revolution                                             ,   38,    50, 0.76               ,            0,             0,            0
CC Shambots                                                ,   41,    51, 0.803921568627451  ,            0,             0,            0
Red Thunder Robotics                                       ,   51,    58, 0.8793103448275862 ,            1,             0,            0
Team DAVE                                                  ,   38,    47, 0.8085106382978723 ,            0,             0,            0
The Aluminum Narwhals                                      ,   38,    51, 0.7450980392156863 ,            1,             0,            0
TJ²                                                        ,   38,    51, 0.7450980392156863 ,            1,             0,            0
BraveBots                                                  ,   38,    51, 0.7450980392156863 ,            0,             0,            0
Space Cookies                                              ,   35,    46, 0.7608695652173914 ,            0,             0,            0
Gear Heads                                                 ,   39,    46, 0.8478260869565217 ,            0,             0,            0
BCR Blackout                                               ,   42,    53, 0.7924528301886793 ,            0,             0,            0
TEAM  R. I. C. E.                                          ,   26,    27, 0.9629629629629629 ,            0,             0,            0
Killer Bees                                                ,   38,    51, 0.7450980392156863 ,            0,             0,            0
Celt-X                                                     ,   37,    50, 0.74               ,            0,             0,            0
RoboJackets                                                ,   42,    57, 0.7368421052631579 ,            0,             0,            0
Sisters 1st                                                ,   28,    33, 0.8484848484848485 ,            0,             0,            0
The S.S. Prometheus                                        ,    9,    10, 0.9                ,            0,             0,            0
Gear It Forward                                            ,   10,    15, 0.6666666666666666 ,            0,             0,            0
TigerBots                                                  ,   16,    17, 0.9411764705882353 ,            0,             0,            0
Gems                                                       ,   45,    52, 0.8653846153846154 ,            0,             0,            0
Ironclad                                                   ,   13,    16, 0.8125             ,            0,             0,            0
Team Appreciate                                            ,   55,    66, 0.8333333333333334 ,            2,             1,            0
The HOT Team                                               ,   40,    53, 0.7547169811320755 ,            0,             0,            0
NACI Robotics                                              ,   40,    48, 0.8333333333333334 ,            0,             0,            0
Robowranglers                                              ,   50,    66, 0.7575757575757576 ,            1,             0,            0
PrepaTec - ROULT - Peñoles                                 ,   16,    17, 0.9411764705882353 ,            0,             0,            0
Iron Claw                                                  ,   41,    49, 0.8367346938775511 ,            0,             0,            0
Regal Seagulls                                             ,   23,    31, 0.7419354838709677 ,            0,             0,            0
Steel Falcons                                              ,   41,    49, 0.8367346938775511 ,            0,             0,            0
Paragon Robotics                                           ,   15,    17, 0.8823529411764706 ,            0,             0,            0
Elev8                                                      ,    0,     0, 0                  ,            0,             0,            1
The Force Team                                             ,   18,    23, 0.782608695652174  ,            0,             0,            0
Robocubs                                                   ,   43,    58, 0.7413793103448276 ,            0,             0,            0
WildStang                                                  ,   12,    16, 0.75               ,            0,             0,            0
Cyber Tribe                                                ,   13,    16, 0.8125             ,            0,             0,            0
Orbit Robotics                                             ,   39,    51, 0.7647058823529411 ,            0,             0,            0
Rangers                                                    ,   50,    65, 0.7692307692307693 ,            0,             0,            0
FireHawks                                                  ,   37,    48, 0.7708333333333334 ,            0,             0,            0
Team Paradox                                               ,   38,    48, 0.7916666666666666 ,            0,             0,            0
Roboforce                                                  ,   25,    30, 0.8333333333333334 ,            0,             0,            0
Wildcard Robotics                                          ,   12,    14, 0.8571428571428571 ,            1,             0,            0
Warren Warbots                                             ,   38,    47, 0.8085106382978723 ,            0,             0,            0
Beach Cities Robotics                                      ,   34,    49, 0.6938775510204082 ,            0,             0,            0
Robocats                                                   ,   13,    17, 0.7647058823529411 ,            0,             0,            0
EngiNERDs                                                  ,   48,    56, 0.8571428571428571 ,            0,             0,            0
Storm Surge                                                ,   31,    45, 0.6888888888888889 ,            0,             0,            0
BadgerBOTS                                                 ,   44,    51, 0.8627450980392157 ,            1,             0,            0
Engineers of Tomorrow                                      ,    0,     0, 0                  ,            0,             0,            1
SuperNURDs                                                 ,   38,    48, 0.7916666666666666 ,            0,             0,            0
The Funky Monkeys                                          ,   36,    46, 0.782608695652174  ,            1,             0,            0
Frog Force                                                 ,   50,    66, 0.7575757575757576 ,            0,             0,            0
EagleForce                                                 ,   29,    47, 0.6170212765957447 ,            0,             0,            0
The RoboBees                                               ,   24,    35, 0.6857142857142857 ,            0,             0,            0
RoboWarriors                                               ,   35,    50, 0.7                ,            0,             0,            0
Chop Shop                                                  ,   11,    17, 0.6470588235294118 ,            0,             0,            0
Cougars Gone Wired                                         ,   23,    28, 0.8214285714285714 ,            0,             0,            0
Breakaway                                                  ,   17,    18, 0.9444444444444444 ,            0,             0,            0
Eagle Robotics                                             ,   36,    46, 0.782608695652174  ,            0,             0,            0
OZone                                                      ,   23,    29, 0.7931034482758621 ,            1,             0,            0
Maverick Robotics                                          ,   39,    51, 0.7647058823529411 ,            0,             0,            0
The Metal Moose                                            ,   30,    32, 0.9375             ,            0,             0,            0
ICRobotics                                                 ,   11,    15, 0.7333333333333333 ,            0,             0,            0
Pantheon                                                   ,   40,    51, 0.7843137254901961 ,            0,             0,            0
KnightKrawler                                              ,   25,    32, 0.78125            ,            0,             0,            0
Crevolution                                                ,   42,    50, 0.84               ,            1,             0,            0
Team Titanium                                              ,   11,    15, 0.7333333333333333 ,            0,             0,            0
HexHounds                                                  ,   43,    52, 0.8269230769230769 ,            2,             0,            0
Gompei and the HERD                                        ,   44,    54, 0.8148148148148148 ,            0,             0,            0
CHAOS                                                      ,   13,    24, 0.5416666666666666 ,            0,             0,            0
Robo Vikes                                                 ,   47,    61, 0.7704918032786885 ,            0,             0,            0
The MegaHertz                                              ,   13,    19, 0.6842105263157895 ,            1,             0,            0
Cybersonics                                                ,   26,    32, 0.8125             ,            0,             0,            0
KAISER                                                     ,   28,    38, 0.7368421052631579 ,            0,             0,            0
ROCORI Robotics                                            ,   10,    15, 0.6666666666666666 ,            0,             0,            0
Red Hawk Robotics                                          ,   34,    49, 0.6938775510204082 ,            0,             0,            0
Brute Force                                                ,   20,    25, 0.8                ,            0,             0,            0
NRG (Newport Robotics Group)                               ,   41,    54, 0.7592592592592593 ,            1,             0,            0
FLAZIA ROBOTICS                                            ,   24,    29, 0.8275862068965517 ,            0,             0,            0
SigmaC@T Robotics Team                                     ,   24,    30, 0.8                ,            0,             0,            0
Stealth Robotics                                           ,   41,    50, 0.82               ,            0,             0,            0
Robo-Falcons                                               ,   36,    49, 0.7346938775510204 ,            0,             0,            0
Team 1403 Cougar Robotics                                  ,   28,    34, 0.8235294117647058 ,            0,             0,            0
The Blue Devils                                            ,   17,    19, 0.8947368421052632 ,            0,             0,            0
Techno-Ticks                                               ,   14,    17, 0.8235294117647058 ,            0,             0,            0
Paly Robotics                                              ,   38,    48, 0.7916666666666666 ,            0,             0,            0
Dexter Dreadbots                                           ,   29,    49, 0.5918367346938775 ,            0,             0,            0
Max Throttle Mavericks                                     ,   46,    60, 0.7666666666666667 ,            0,             0,            0
Spartronics                                                ,   28,    34, 0.8235294117647058 ,            0,             0,            0
Farmersville  Robotics                                     ,   51,    63, 0.8095238095238095 ,            0,             0,            0
The FEDS                                                   ,   37,    50, 0.74               ,            0,             0,            0
PantherBots                                                ,   38,    57, 0.6666666666666666 ,            0,             0,            0
PVC Pirates                                                ,   15,    18, 0.8333333333333334 ,            0,             0,            0
Golden Horn                                                ,   11,    14, 0.7857142857142857 ,            0,             0,            0
The Vitruvian Bots                                         ,   40,    50, 0.8                ,            1,             0,            0
The Mavericks                                              ,   22,    27, 0.8148148148148148 ,            0,             0,            0
Tronic Titans                                              ,   39,    48, 0.8125             ,            0,             0,            0
Gearheads                                                  ,   38,    47, 0.8085106382978723 ,            0,             0,            0
MARS/WARS                                                  ,   14,    18, 0.7777777777777778 ,            0,             0,            0
The Ravonics Revolution                                    ,    0,     0, 0                  ,            0,             0,            0
Error Code Xero                                            ,   29,    35, 0.8285714285714286 ,            0,             0,            0
Martians                                                   ,   35,    48, 0.7291666666666666 ,            0,             0,            0
RamTech                                                    ,   16,    16, 1.0                ,            0,             0,            0
Hemlock's Gray Matter                                      ,   36,    50, 0.72               ,            1,             0,            0
Nerds of Prey                                              ,   14,    15, 0.9333333333333333 ,            0,             0,            0
Jaguar Robotics Sponsored By Feit Electric                 ,   40,    54, 0.7407407407407407 ,            0,             0,            0
Singularity                                                ,   36,    50, 0.72               ,            0,             0,            0
Royal Robotics                                             ,   36,    50, 0.72               ,            0,             0,            0
Guerin Catholic Golden Gears                               ,   45,    54, 0.8333333333333334 ,            0,             0,            0
G.R.R. (Greater Rochester Robotics)                        ,   10,    13, 0.7692307692307693 ,            0,             0,            0
Titanium Tigers                                            ,   39,    51, 0.7647058823529411 ,            0,             0,            0
Cavalier Robotics                                          ,   39,    49, 0.7959183673469388 ,            0,             0,            0
The Polar Pilots                                           ,   37,    48, 0.7708333333333334 ,            0,             0,            0
The Flying Circuits                                        ,    9,    13, 0.6923076923076923 ,            0,             0,            0
Clockwork                                                  ,   37,    48, 0.7708333333333334 ,            1,             0,            0
Alpha Bots                                                 ,   40,    51, 0.7843137254901961 ,            1,             0,            0
The Falcons                                                ,    0,     0, 0                  ,            0,             0,            0
Truck Town Thunder                                         ,   36,    49, 0.7346938775510204 ,            0,             0,            0
Argos                                                      ,   15,    20, 0.75               ,            0,             0,            0
MI Robotics                                                ,   27,    33, 0.8181818181818182 ,            0,             0,            0
Tech Vikes                                                 ,   36,    49, 0.7346938775510204 ,            0,             0,            0
Full Metal Jackets                                         ,   45,    61, 0.7377049180327869 ,            0,             0,            0
NOMAD                                                      ,   40,    50, 0.8                ,            0,             0,            0
Spectrum   -△◅                                             ,   55,    66, 0.8333333333333334 ,            0,             0,            0
ShoreBots                                                  ,   40,    51, 0.7843137254901961 ,            0,             0,            0
Walton Robotics                                            ,   40,    50, 0.8                ,            0,             0,            0
Centre Punch                                               ,    6,    11, 0.5454545454545454 ,            0,             0,            0
Ninjineers                                                 ,   12,    16, 0.75               ,            0,             0,            0
Fresta Valley Robotics Club                                ,   26,    34, 0.7647058823529411 ,            0,             0,            0
ROBOTZ Garage                                              ,   41,    54, 0.7592592592592593 ,            1,             0,            0
RoboLoCo                                                   ,   24,    35, 0.6857142857142857 ,            0,             0,            0
LakerBots                                                  ,   16,    17, 0.9411764705882353 ,            0,             0,            0
Bounty Hunters                                             ,   40,    50, 0.8                ,            1,             0,            0
The Nerd Herd                                              ,   42,    53, 0.7924528301886793 ,            1,             0,            0
Las Guerrillas                                             ,   46,    51, 0.9019607843137255 ,            0,             0,            0
MistyPanther                                               ,    0,     0, 0                  ,            0,             0,            1
The Mech Tech Dragons                                      ,   41,    51, 0.803921568627451  ,            0,             0,            0
PrepaTec - LamBot                                          ,   14,    16, 0.875              ,            0,             0,            0
Spartatroniks                                              ,   42,    46, 0.9130434782608695 ,            0,             0,            0
Team Neutrino                                              ,   11,    14, 0.7857142857142857 ,            1,             0,            0
Mustang Robotics                                           ,   22,    30, 0.7333333333333333 ,            0,             0,            0
Midas' Mayhem                                              ,   16,    17, 0.9411764705882353 ,            0,             0,            0
IBOTS                                                      ,    0,     0, 0                  ,            0,             0,            0
MakeShift Robotics                                         ,   34,    47, 0.723404255319149  ,            0,             0,            0
The Flying Toasters                                        ,   36,    52, 0.6923076923076923 ,            0,             0,            0
Ctrl-Z                                                     ,   13,    16, 0.8125             ,            0,             0,            0
Cardinal Dynamics                                          ,   29,    35, 0.8285714285714286 ,            0,             0,            0
Octobots                                                   ,   37,    47, 0.7872340425531915 ,            0,             0,            0
Cyber Crusaders                                            ,   38,    50, 0.76               ,            0,             0,            0
CloverBots                                                 ,   11,    15, 0.7333333333333333 ,            0,             0,            0
Average Joes                                               ,   37,    47, 0.7872340425531915 ,            1,             0,            0
Paradigm Shift                                             ,   38,    50, 0.76               ,            0,             0,            0
RoboHawks                                                  ,   40,    51, 0.7843137254901961 ,            0,             0,            0
FORGE Robotics                                             ,    0,     0, 0                  ,            0,             0,            1
Round Table Robotics                                       ,   41,    54, 0.7592592592592593 ,            1,             0,            0
W.A.R.                                                     ,   10,    15, 0.6666666666666666 ,            0,             0,            0
Oz-Ram                                                     ,   14,    17, 0.8235294117647058 ,            0,             0,            0
Sabre Robotics                                             ,   20,    28, 0.7142857142857143 ,            0,             0,            0
Stateline Robotics                                         ,   14,    16, 0.875              ,            0,             0,            0
The Earthquakers                                           ,   30,    34, 0.8823529411764706 ,            0,             0,            0
Lady Cans                                                  ,   47,    56, 0.8392857142857143 ,            0,             0,            0
Thunderstamps                                              ,   31,    46, 0.6739130434782609 ,            0,             0,            0
Chargers                                                   ,   38,    45, 0.8444444444444444 ,            0,             0,            0
WARP7                                                      ,   36,    43, 0.8372093023255814 ,            0,             0,            0
Fondy Fire                                                 ,   36,    50, 0.72               ,            1,             0,            0
Lo-Ellen Robotics                                          ,   36,    47, 0.7659574468085106 ,            0,             0,            0
Pittsford Panthers                                         ,   16,    30, 0.5333333333333333 ,            0,             0,            0
The G.O.A.T                                                ,    7,    10, 0.7                ,            0,             0,            0
Firebots                                                   ,   37,    47, 0.7872340425531915 ,            0,             0,            0
More Martians                                              ,   30,    46, 0.6521739130434783 ,            0,             0,            0
The Commodores                                             ,   44,    55, 0.8                ,            0,             0,            0
Steel Dragons                                              ,   10,    13, 0.7692307692307693 ,            0,             0,            0
Otter Chaos                                                ,   32,    43, 0.7441860465116279 ,            0,             0,            0
Orange Dynamite                                            ,   47,    60, 0.7833333333333333 ,            0,             0,            0
RoboChargers                                               ,   46,    60, 0.7666666666666667 ,            1,             0,            0
An Kang Robotics Maker                                     ,    0,     0, 0                  ,            0,             0,            1
Rapid Acceleration                                         ,    0,     0, 0                  ,            0,             0,            1
Team THRUST                                                ,   42,    50, 0.84               ,            0,             0,            0
CC Shambytes                                               ,   32,    47, 0.6808510638297872 ,            0,             0,            0
Robot Dolphins From Outer Space                            ,   40,    49, 0.8163265306122449 ,            1,             0,            0
ENKA TECH                                                  ,   11,    13, 0.8461538461538461 ,            0,             0,            0
Chill Out                                                  ,   33,    44, 0.75               ,            0,             0,            0
Bionics                                                    ,   38,    49, 0.7755102040816326 ,            0,             0,            0
SCH Robotics                                               ,   26,    32, 0.8125             ,            0,             0,            0
Mecha Marauders                                            ,   34,    50, 0.68               ,            0,             0,            0
AIR STRIKE                                                 ,    9,    16, 0.5625             ,            0,             0,            0
Vortechs                                                   ,   38,    46, 0.8260869565217391 ,            0,             0,            0
NoMythic                                                   ,   25,    32, 0.78125            ,            0,             0,            0
WiredCats                                                  ,   43,    49, 0.8775510204081632 ,            0,             0,            0
Calvin Christian Robotics                                  ,   31,    48, 0.6458333333333334 ,            0,             0,            0
TechJunior                                                 ,    0,     0, 0                  ,            0,             0,            0
PrepaTec - Cyberius                                        ,   11,    15, 0.7333333333333333 ,            0,             0,            0
This Is How We Play                                        ,    0,     0, 0                  ,            0,             0,            1
Kil-A-Bytes                                                ,   40,    52, 0.7692307692307693 ,            0,             0,            0
Fusion Corps                                               ,   33,    45, 0.7333333333333333 ,            0,             0,            0
Cadillac Connectors                                        ,   33,    47, 0.7021276595744681 ,            0,             0,            0
Jacktown Vectors                                           ,   30,    44, 0.6818181818181818 ,            0,             0,            0
The Jesubots 5809                                          ,   13,    15, 0.8666666666666667 ,            0,             0,            0
Robotic Eagles                                             ,   37,    44, 0.8409090909090909 ,            0,             0,            0
Robostangs                                                 ,   39,    51, 0.7647058823529411 ,            0,             0,            0
Garrett Coalition (GaCo)                                   ,   23,    32, 0.71875            ,            0,             0,            0
Rebel Robotics                                             ,    9,    14, 0.6428571428571429 ,            0,             0,            0
Eastbots                                                   ,   35,    53, 0.660377358490566  ,            0,             0,            0
Ripon Robotics                                             ,   44,    49, 0.8979591836734694 ,            0,             0,            0
CyberTooth                                                 ,   36,    51, 0.7058823529411765 ,            0,             0,            0
AtomStorm                                                  ,    7,    10, 0.7                ,            0,             0,            0
Mechameleons                                               ,   29,    38, 0.7631578947368421 ,            0,             0,            0
PARS ROBOTICS                                              ,   16,    17, 0.9411764705882353 ,            0,             0,            0
Orbit                                                      ,    5,    10, 0.5                ,            0,             0,            0
Bovine Intervention                                        ,   20,    31, 0.6451612903225806 ,            0,             0,            0
Up-A-Creek Robotics                                        ,   23,    32, 0.71875            ,            0,             0,            0
IronPulse Robotics                                         ,    9,    12, 0.75               ,            0,             0,            0
Voodoo Voltage                                             ,    9,    12, 0.75               ,            0,             0,            0
East Palo Alto ChurroBots                                  ,   35,    46, 0.7608695652173914 ,            0,             0,            0
Laker Dreadnoughts                                         ,   38,    49, 0.7755102040816326 ,            1,             0,            0
The Flying Octopi                                          ,   31,    45, 0.6888888888888889 ,            0,             0,            0
BALTA                                                      ,   14,    16, 0.875              ,            0,             0,            0
The Pink Team                                              ,   17,    25, 0.68               ,            0,             0,            0
Automation Nation                                          ,   32,    47, 0.6808510638297872 ,            0,             0,            0
Tech for Kids                                              ,    0,     0, 0                  ,            0,             0,            0
TerrorBytes                                                ,   39,    53, 0.7358490566037735 ,            0,             0,            0
Timberwolves                                               ,   23,    32, 0.71875            ,            0,             0,            0
Panther Robotics                                           ,    0,     0, 0                  ,            0,             0,            0
Blue Cheese                                                ,   32,    46, 0.6956521739130435 ,            0,             0,            0
PrepaTec - Lebotics                                        ,   14,    17, 0.8235294117647058 ,            0,             0,            0
CTEC Robotics                                              ,   17,    29, 0.5862068965517241 ,            0,             0,            0
AlphaZ                                                     ,    0,     0, 0                  ,            0,             0,            0
Nemesis                                                    ,   10,    18, 0.5555555555555556 ,            0,             0,            0
PhyXTGears                                                 ,   31,    45, 0.6888888888888889 ,            0,             0,            0
TOOLCATS                                                   ,   10,    13, 0.7692307692307693 ,            0,             0,            0
Clairemonster                                              ,   30,    44, 0.6818181818181818 ,            0,             0,            0
Pontiac Firebirds                                          ,   28,    47, 0.5957446808510638 ,            0,             0,            0
Luban Robotics                                             ,   11,    13, 0.8461538461538461 ,            0,             0,            0
Westside Boiler Invasion                                   ,   34,    46, 0.7391304347826086 ,            0,             0,            0
Children of the Swamp                                      ,   24,    29, 0.8275862068965517 ,            0,             0,            0
REX                                                        ,   16,    33, 0.48484848484848486,            2,             0,            0
TECH Support                                               ,   35,    45, 0.7777777777777778 ,            0,             0,            0
The Riveters                                               ,   30,    46, 0.6521739130434783 ,            0,             0,            0
Tiger Dynasty                                              ,   33,    50, 0.66               ,            1,             0,            0
Copperhead Robotics                                        ,   40,    55, 0.7272727272727273 ,            0,             0,            0
TechPUPS                                                   ,   29,    51, 0.5686274509803921 ,            1,             0,            0
MORT                                                       ,   26,    37, 0.7027027027027027 ,            0,             0,            0
♨️ BBQ ♨️                                                    ,   33,    46, 0.717391304347826  ,            0,             0,            0
Red Storm Robotics                                         ,   30,    44, 0.6818181818181818 ,            0,             0,            0
Droid Rage                                                 ,   47,    59, 0.7966101694915254 ,            0,             0,            0
The Lightning Turtles                                      ,   23,    31, 0.7419354838709677 ,            0,             0,            0
♨️ TACO ♨️                                                   ,   35,    47, 0.7446808510638298 ,            0,             0,            0
Riptide Robotics 8267                                      ,   23,    30, 0.7666666666666667 ,            0,             0,            0
Binary Battalion                                           ,   11,    14, 0.7857142857142857 ,            0,             0,            0
DERT - Dunlap Eagles Robotics Team                         ,   15,    18, 0.8333333333333334 ,            0,             0,            0
BreakerBots                                                ,   41,    44, 0.9318181818181818 ,            0,             0,            0
Winnovation                                                ,   11,    16, 0.6875             ,            0,             0,            0
IgKnighters                                                ,   15,    23, 0.6521739130434783 ,            0,             0,            0
Robo-Lions                                                 ,   29,    33, 0.8787878787878788 ,            0,             0,            0
Mayhem                                                     ,   17,    21, 0.8095238095238095 ,            0,             0,            0
Enigma Robotics                                            ,   45,    50, 0.9                ,            0,             0,            0
Shockwave                                                  ,   24,    32, 0.75               ,            0,             0,            0
BeeBotics                                                  ,   37,    48, 0.7708333333333334 ,            1,             0,            0
Knight Owls                                                ,   34,    48, 0.7083333333333334 ,            0,             0,            0
X.PLORE                                                    ,    9,    11, 0.8181818181818182 ,            0,             0,            0
F.R.E.D (FIRST Robotics Engineering and Design)            ,   12,    15, 0.8                ,            0,             0,            0
Wings of Fire                                              ,   34,    46, 0.7391304347826086 ,            0,             0,            0
Big Bad Bob                                                ,   10,    16, 0.625              ,            0,             0,            0
Floyd Robotics                                             ,   18,    27, 0.6666666666666666 ,            0,             0,            0
4H ALARM Robotics                                          ,   26,    31, 0.8387096774193549 ,            0,             0,            0
Team Mean Machine                                          ,   12,    14, 0.8571428571428571 ,            0,             0,            0
Cyber Blue                                                 ,   42,    64, 0.65625            ,            1,             0,            0
Robo Lions Team1261                                        ,   39,    49, 0.7959183673469388 ,            1,             0,            0
NoktaParantez                                              ,   37,    45, 0.8222222222222222 ,            0,             0,            0
Mukwonago BEARs                                            ,   36,    50, 0.72               ,            0,             0,            0
TechHOUNDS                                                 ,   30,    49, 0.6122448979591837 ,            0,             0,            0
OtterBots                                                  ,   12,    17, 0.7058823529411765 ,            0,             0,            0
Robotiators                                                ,   24,    35, 0.6857142857142857 ,            0,             0,            0
Team SCREAM Jr.                                            ,   11,    18, 0.6111111111111112 ,            0,             0,            0
Team Fusion 364                                            ,    9,    12, 0.75               ,            0,             0,            0
Wayi Guangzhou                                             ,    9,    12, 0.75               ,            0,             0,            0
MORE Robotics                                              ,   42,    52, 0.8076923076923077 ,            0,             0,            0
Gryphon Robotics                                           ,   22,    32, 0.6875             ,            0,             0,            0
Avalanche Robotics                                         ,   42,    51, 0.8235294117647058 ,            2,             0,            0
Pymble P-Platers                                           ,   10,    13, 0.7692307692307693 ,            0,             0,            0
Team Mercury                                               ,    0,     0, 0                  ,            0,             0,            0
NASA Knights                                               ,   34,    48, 0.7083333333333334 ,            0,             0,            0
The F.A.S.T. Team - Fowlerville Area Scientific Technicians,   31,    46, 0.6739130434782609 ,            0,             0,            0
Duncan Dynamics                                            ,   38,    49, 0.7755102040816326 ,            0,             0,            0
The Pascack PI-oneers                                      ,   25,    33, 0.7575757575757576 ,            0,             0,            0
Warlocks                                                   ,   11,    12, 0.9166666666666666 ,            0,             0,            0
Ludington O-Bots                                           ,   39,    48, 0.8125             ,            0,             0,            0
Semiconductors                                             ,    0,     0, 0                  ,            0,             0,            0
IRS - Intelligent Robotic Systems                          ,    8,    12, 0.6666666666666666 ,            0,             0,            0
Nova                                                       ,   32,    48, 0.6666666666666666 ,            0,             0,            0
Mechanical Mustangs                                        ,   16,    17, 0.9411764705882353 ,            0,             0,            0
The Giant Diencephalic BrainSTEM Robotics Team             ,    0,     0, 0                  ,            0,             0,            0
MORT Beta                                                  ,   17,    31, 0.5483870967741935 ,            0,             0,            0
Gladiators                                                 ,   39,    48, 0.8125             ,            0,             0,            0
Metal Muscle                                               ,   35,    46, 0.7608695652173914 ,            0,             0,            0
Finney Falcons                                             ,   15,    23, 0.6521739130434783 ,            0,             0,            0
LHS Steel Stingers                                         ,   33,    46, 0.717391304347826  ,            0,             0,            0
Rust Belt Robotics                                         ,   18,    24, 0.75               ,            0,             0,            0
Thunder Robotics                                           ,    8,    11, 0.7272727272727273 ,            0,             0,            0
QuickStrike Niagara                                        ,   36,    47, 0.7659574468085106 ,            0,             0,            0
The Chimeras                                               ,   31,    45, 0.6888888888888889 ,            0,             0,            0
Gryphon Command                                            ,    6,    13, 0.46153846153846156,            0,             0,            0
EMONER ROBOTICS                                            ,   11,    13, 0.8461538461538461 ,            0,             0,            0
So-Kno Robo                                                ,   12,    17, 0.7058823529411765 ,            0,             0,            0
Spartan Robotics                                           ,   37,    50, 0.74               ,            0,             0,            0
Martin Motion                                              ,   12,    15, 0.8                ,            0,             0,            0
MXS Bulldog Bots                                           ,   26,    32, 0.8125             ,            0,             0,            0
TALON 540 Godwin Robotics                                  ,   27,    51, 0.5294117647058824 ,            0,             0,            0
O.R.C.A.                                                   ,   34,    45, 0.7555555555555555 ,            0,             0,            0
Patriotics                                                 ,   25,    33, 0.7575757575757576 ,            0,             0,            0
Bubbles                                                    ,   39,    48, 0.8125             ,            0,             0,            0
Chips                                                      ,   35,    48, 0.7291666666666666 ,            0,             0,            0
Buchanan Bird Brains                                       ,   33,    40, 0.825              ,            0,             0,            0
Sab-BOT-age                                                ,   26,    33, 0.7878787878787878 ,            0,             0,            0
Popcorn Penguins                                           ,   42,    49, 0.8571428571428571 ,            0,             0,            0
Rosbots                                                    ,   52,    59, 0.8813559322033898 ,            0,             0,            0
Circuit Breakers                                           ,   37,    46, 0.8043478260869565 ,            0,             0,            0
PrepaTec - OVERTURE                                        ,   12,    15, 0.8                ,            0,             0,            0
Ice Cubed                                                  ,   35,    48, 0.7291666666666666 ,            0,             0,            0
Thunder Down Under                                         ,    7,    14, 0.5                ,            0,             0,            0
TigerBotics                                                ,   38,    45, 0.8444444444444444 ,            0,             0,            0
Bedford Express                                            ,   34,    47, 0.723404255319149  ,            0,             0,            0
CyberCats                                                  ,   17,    23, 0.7391304347826086 ,            0,             0,            0
The Blockheads                                             ,   31,    42, 0.7380952380952381 ,            0,             0,            0
Bomb Squad                                                 ,   14,    17, 0.8235294117647058 ,            0,             0,            0
Howdy Bots                                                 ,   39,    47, 0.8297872340425532 ,            0,             0,            0
System Meltdown                                            ,   14,    16, 0.875              ,            0,             0,            0
GearCats                                                   ,   38,    51, 0.7450980392156863 ,            0,             0,            0
YETI Robotics                                              ,   43,    49, 0.8775510204081632 ,            0,             0,            0
Shoshone Robotics                                          ,    0,     0, 0                  ,            0,             0,            0
Columbus Space Program                                     ,   39,    51, 0.7647058823529411 ,            0,             0,            0
MOON STAR ROBOTICS                                         ,   11,    12, 0.9166666666666666 ,            0,             0,            0
Team VIPER                                                 ,   32,    45, 0.7111111111111111 ,            0,             0,            0
Ossining OBOTS                                             ,   33,    39, 0.8461538461538461 ,            0,             0,            0
Tribe Robotics                                             ,   38,    46, 0.8260869565217391 ,            0,             0,            0
TriKzR4Kidz                                                ,   35,    46, 0.7608695652173914 ,            1,             0,            0
Titanium Titans                                            ,    8,     9, 0.8888888888888888 ,            0,             0,            0
Boston Lions                                               ,   38,    48, 0.7916666666666666 ,            1,             0,            0
Hoya Robotics                                              ,   35,    48, 0.7291666666666666 ,            1,             0,            0
Express-O                                                  ,   10,    18, 0.5555555555555556 ,            1,             0,            0
C.I.S.                                                     ,    9,    11, 0.8181818181818182 ,            0,             0,            0
Trojanators                                                ,    8,    10, 0.8                ,            0,             0,            0
Beast from the East                                        ,   42,    57, 0.7368421052631579 ,            0,             0,            0
Arrowdynamics                                              ,   37,    47, 0.7872340425531915 ,            0,             0,            0
Tindley Trailblazers                                       ,   29,    46, 0.6304347826086957 ,            0,             0,            0
Awtybots                                                   ,   40,    61, 0.6557377049180327 ,            1,             0,            0
The Quadrangles                                            ,   31,    46, 0.6739130434782609 ,            0,             0,            0
Leviathans                                                 ,   33,    47, 0.7021276595744681 ,            0,             0,            0
Stormgears                                                 ,   40,    43, 0.9302325581395349 ,            0,             0,            0
Presentation Invasion                                      ,   33,    42, 0.7857142857142857 ,            0,             0,            0
MOJO                                                       ,   10,    16, 0.625              ,            0,             0,            0
Bellevillains                                              ,   37,    49, 0.7551020408163265 ,            0,             0,            0
Wavelength                                                 ,   34,    47, 0.723404255319149  ,            1,             0,            0
Steel Talons                                               ,   35,    48, 0.7291666666666666 ,            1,             0,            0
Impi Warriors                                              ,   33,    43, 0.7674418604651163 ,            0,             0,            0
The Digital Goats                                          ,   34,    45, 0.7555555555555555 ,            0,             0,            0
⚙️ The Grease Monkeys ⚙️                                     ,   30,    44, 0.6818181818181818 ,            0,             0,            0
K9.0 Robotics                                              ,   37,    54, 0.6851851851851852 ,            0,             0,            0
Purple Haze                                                ,   37,    48, 0.7708333333333334 ,            0,             0,            0
TechnoKats Robotics Team                                   ,   36,    48, 0.75               ,            1,             0,            0
4th Dimension                                              ,   12,    12, 1.0                ,            0,             0,            0
Velocity Raptors                                           ,   39,    52, 0.75               ,            0,             0,            0
Cycle-Breakers                                             ,   36,    46, 0.782608695652174  ,            1,             0,            0
Robodogs                                                   ,    6,    12, 0.5                ,            0,             0,            0
Grasshoppers                                               ,   12,    14, 0.8571428571428571 ,            0,             0,            0
Flame of The West                                          ,   30,    40, 0.75               ,            1,             0,            0
SESI SENAI MEGAZORD                                        ,   20,    28, 0.7142857142857143 ,            0,             0,            0
The Fighting Unicorns                                      ,   22,    30, 0.7333333333333333 ,            0,             0,            0
The Crickets                                               ,   21,    26, 0.8076923076923077 ,            0,             0,            0
RAM Rodz Robotics                                          ,   41,    51, 0.803921568627451  ,            0,             0,            0
Olympia Robotics Federation                                ,   35,    43, 0.813953488372093  ,            0,             0,            0
HIGHROLLERS                                                ,   13,    15, 0.8666666666666667 ,            0,             0,            0
Shark Attack                                               ,   15,    21, 0.7142857142857143 ,            0,             0,            0
PrepaTec - MechRams                                        ,   11,    15, 0.7333333333333333 ,            0,             0,            0
OTTER                                                      ,   20,    26, 0.7692307692307693 ,            0,             0,            0
Golden Warriors Robotics                                   ,   30,    46, 0.6521739130434783 ,            0,             0,            0
Team Voltage                                               ,   17,    25, 0.68               ,            0,             0,            0
Jacked Up Jackets                                          ,   32,    43, 0.7441860465116279 ,            0,             0,            0
Aragon Robotics Team                                       ,   34,    43, 0.7906976744186046 ,            0,             0,            0
Clockwork Knights                                          ,    7,    10, 0.7                ,            0,             0,            0
Mega MeadowBots                                            ,   12,    16, 0.75               ,            0,             0,            0
Knight Vision                                              ,   36,    47, 0.7659574468085106 ,            0,             0,            0
Blizzard                                                   ,   39,    50, 0.78               ,            1,             0,            0
The Deceivers                                              ,   30,    44, 0.6818181818181818 ,            0,             0,            0
Newton Squared                                             ,   22,    29, 0.7586206896551724 ,            0,             0,            0
Ferradermis                                                ,   35,    44, 0.7954545454545454 ,            0,             0,            0
Da Bears                                                   ,   33,    45, 0.7333333333333333 ,            0,             0,            0
Valence Robotics                                           ,   32,    53, 0.6037735849056604 ,            0,             0,            0
Triple Strange                                             ,   35,    48, 0.7291666666666666 ,            2,             0,            0
