Team number,Team name,Epa,Auto EPA,Teleop EPA,Energized,Supercharged,Transition,First Shift,Second Shift,Endgame,Win Rate,Wins,Losses
2056,OP Robotics,302.17,83.89,168.99,0.801,0.9293,33.24,75.93,59.83,49.6,0.863,63,10
27,Team RUSH,295.15,73.95,154.57,0.7885,0.927,25.21,66.76,62.61,66.29,0.9326,83,6
2481,Roboteers,288.12,62.91,154.78,0.6473,0.8578,27.04,71.62,56.12,70.37,0.8462,44,8
5687,The Outliers,282.69,73.97,155.12,0.8504,0.7579,28.0,72.45,54.66,53.56,0.8333,62,12
125,NUTRONs,283.42,54.15,162.39,0.744,0.7239,21.96,70.54,69.89,66.9,0.7965,68,17
7558,ALT-F4,278.87,54.46,158.97,0.7572,0.5571,19.04,74.16,65.77,65.89,0.75,51,17
6369,Mercenary Robotics,274.16,59.03,150.32,0.8789,0.6432,27.19,63.25,59.88,65.03,0.8953,77,9
3467,Windham Windup,266.45,48.41,150.87,0.7258,0.7882,21.13,65.15,64.59,67.04,0.8824,75,10
1987,Broncobots,257.92,49.26,160.33,0.6988,0.6637,19.97,75.2,65.17,48.49,0.9,54,6
1768,Nashoba Robotics,259.43,42.34,141.21,0.8551,0.608,22.78,59.15,59.28,75.89,0.8046,70,17
8044,Denham Venom,256.51,57.29,133.09,0.6465,0.5848,15.24,70.0,47.85,66.12,0.8475,50,9
1706,Ratchet Rockers,256.0,47.57,151.22,0.7258,0.2629,15.68,75.78,59.76,56.77,0.9574,45,2
5000,HAMMERHEADS,235.75,46.01,128.39,0.6615,0.4795,14.75,59.24,54.4,61.49,0.6406,41,23
1833,Team BEAN,233.52,59.16,126.03,0.735,0.6169,21.33,56.09,48.62,48.55,0.8824,60,8
359,Hawaiian Kids,234.75,38.66,139.38,0.7421,0.3293,14.04,66.88,58.45,55.35,0.8625,69,11
4499,The Highlanders,231.05,52.5,120.55,0.7287,0.1894,16.19,60.54,43.83,58.62,0.8462,55,10
694,StuyPulse,230.56,42.63,133.93,0.6226,0.3317,15.7,64.03,54.21,53.7,0.7797,46,13
5907,CC Shambots,223.75,33.13,123.35,0.5712,0.5447,14.8,53.99,54.56,66.96,0.7164,48,19
2468,Team Appreciate,214.43,41.79,114.23,0.8484,0.1925,10.23,57.49,46.51,58.05,0.7846,51,14
7457,suPURDUEper Robotics,214.68,52.65,122.52,0.5707,0.4623,16.45,55.06,51.0,39.36,0.8193,68,15
1732,Hilltopper Robotics,213.39,46.4,115.96,0.649,0.3207,16.45,48.89,50.63,50.75,0.8015,54,13
195,CyberKnights,206.01,42.59,119.37,0.4635,0.5059,13.25,58.45,47.67,44.5,0.6791,45,21
1918,Newaygo County GEARS,204.01,33.79,121.82,0.7312,0.5882,12.91,54.45,54.46,49.6,0.7755,38,11
4028,The Beak Squad,203.94,43.11,108.29,0.4711,0.4171,12.36,51.43,44.49,52.48,0.7381,31,11
67,The HOT Team,202.97,43.76,111.54,0.5022,0.3493,14.77,52.01,44.75,44.96,0.7308,47,17
180,S.P.A.M.,196.26,53.58,103.91,0.6303,0.139,10.46,56.61,36.85,39.02,0.7717,35,10
4646,Wildcard Robotics,196.86,38.76,102.15,0.5969,-0.0483,9.65,42.87,49.62,55.44,0.7143,30,12
10021,Guerin Catholic Golden Gears,195.91,36.86,102.75,0.5746,0.1929,5.18,55.17,42.39,55.91,0.6957,48,21
1002,CircuitRunners Robotics,190.39,49.58,105.14,0.4297,0.1436,14.3,54.23,36.61,35.86,0.7319,50,18
484,Roboforce,189.33,37.96,103.08,0.7045,0.3379,15.44,42.31,45.33,48.84,0.7097,44,18
8608,Alpha Bots,187.2,32.9,107.84,0.6283,0.4128,17.04,54.94,35.87,45.94,0.7619,48,15
2767,Stryke Force,186.22,49.75,99.14,0.5964,0.4655,9.44,47.12,42.58,37.73,0.8209,55,12
9032,RoboWhales,183.57,32.56,108.28,0.5943,0.2692,8.58,51.32,48.37,43.46,0.8281,53,11
3414,Hackbots,182.99,41.77,100.29,0.5813,0.3493,12.42,47.83,40.03,41.18,0.7143,45,18
3641,The Flying Toasters,179.6,39.3,89.31,0.4219,0.168,9.44,42.96,36.91,51.02,0.6308,41,24
4635,PrepaTec - Botbusters,178.75,42.68,97.11,0.5478,0.1642,16.41,51.81,28.89,38.16,0.8889,48,6
503,Frog Force,177.09,30.74,101.07,0.5807,0.2035,9.17,52.04,39.86,44.11,0.6456,51,28
9401,Midas' Mayhem,171.44,34.97,95.74,0.4789,0.0249,9.79,49.08,36.87,41.04,0.7143,30,12
2137,The Oxford RoboCats,171.42,45.98,78.86,0.6571,0.3139,-1.67,44.86,35.67,46.86,0.75,48,16
4143,MARS/WARS,170.01,44.04,95.26,0.6326,-0.0646,18.93,41.32,35.02,31.01,0.8,40,10
1710,The Ravonics Revolution,169.68,39.62,98.68,0.5256,0.1719,8.97,52.42,37.29,31.37,0.5952,25,17
1261,Robo Lions Team1261,168.98,27.48,93.19,0.2631,0.018,7.3,46.8,39.09,48.0,0.5645,35,27
7028,Binary Battalion,168.73,50.67,87.44,0.2928,0.0311,15.49,34.07,37.89,30.88,0.7619,32,10
1360,Orbit Robotics,167.07,25.53,91.61,0.5545,0.1476,4.49,44.97,42.15,50.51,0.6275,32,19
11415,Storm Surge,164.07,21.36,93.85,0.5655,0.2405,8.89,44.27,40.69,48.87,0.5778,26,19
469,Las Guerrillas,163.75,33.79,85.97,0.3896,0.2807,12.23,41.17,32.56,43.36,0.6774,42,20
1306,BadgerBOTS,160.41,19.66,103.35,0.2286,0.1171,5.16,58.08,40.12,38.11,0.7541,46,15
6517,So-Kno Robo,149.65,33.21,84.34,0.6627,0.0149,13.31,36.95,34.08,31.56,0.625,25,15
1023,Bedford Express,149.12,36.74,86.2,0.3836,0.2534,14.07,49.89,22.25,26.07,0.5776,33,24
1792,Round Table Robotics,148.49,37.02,74.27,0.4997,0.0535,5.68,42.69,25.9,37.57,0.6765,46,22
930,Mukwonago BEARs,146.58,16.84,82.51,0.356,-0.0155,3.08,33.89,45.54,47.01,0.5821,39,28
1024,Kil-A-Bytes,141.56,31.45,70.21,0.2778,-0.1148,3.89,32.66,33.66,38.62,0.6774,42,20
6017,PrepaTec - Cyberius,140.16,26.18,82.15,0.4983,-0.0895,9.29,37.15,35.71,31.4,0.6596,31,16
6045,Sabre Robotics,135.02,15.38,75.94,0.4465,-0.224,-0.83,39.76,37.01,43.67,0.7632,29,9
3940,CyberTooth,130.17,29.05,69.55,0.5556,0.0038,4.24,38.06,27.26,32.07,0.6667,34,17
4096,Ctrl-Z,126.43,27.18,70.33,0.4126,0.0785,4.6,40.02,25.7,29.05,0.6458,31,17
234,Cyber Blue,121.92,17.3,68.11,0.5584,0.0334,3.32,33.57,31.22,36.55,0.5469,35,29
1501,Team THRUST,118.7,41.46,63.95,0.2245,-0.0196,8.22,36.9,18.84,9.24,0.75,45,15
5712,Hemlock's Gray Matter,121.91,24.09,61.11,0.2973,0.2051,2.72,30.61,27.78,36.74,0.6875,44,20
1720,PhyXTGears,118.52,26.87,65.26,0.1145,0.0237,11.14,28.49,25.62,25.9,0.5636,31,24
6721,Tindley Trailblazers,111.41,24.46,63.76,0.3446,-0.0578,8.53,28.63,26.6,23.23,0.4783,22,24
8085,MOJO,110.01,21.18,62.99,0.4503,-0.1176,3.71,31.34,27.93,26.71,0.5116,22,21
45,TechnoKats Robotics Team,109.65,12.65,70.5,0.2766,-0.0507,5.52,34.0,30.98,26.9,0.5417,26,22
3176,Purple Precision,102.72,12.61,60.13,0.3535,-0.0126,1.21,32.49,26.42,30.1,0.5918,29,20
1741,Red Alert,52.64,18.56,20.54,-0.1227,-0.1009,2.81,10.39,7.34,13.13,0.4821,27,29
